scryfall_id,name,mana_cost,type_line,power,toughness,cmc,rarity,color_identity,keywords,keyword_count,matched_keywords,matched_keyword_count,oracle_text,scryfall_uri,card_image_url,edhrec_source_url,edhrec_deck_count,edhrec_similar_cards,edhrec_top_commanders,edhrec_error
81a79f5f-a65a-4b43-b58c-cdfa09cc7855,"Odric, Blood-Cursed",{1}{R}{W},Legendary Creature — Vampire Soldier,3.0,3.0,3.0,rare,RW,Deathtouch|Double strike|First strike|Haste|Hexproof|Indestructible|Lifelink|Menace|Reach|Trample,10,Deathtouch|Double strike|First strike|Haste|Hexproof|Indestructible|Lifelink|Menace|Reach|Trample,10,"When Odric enters, create X Blood tokens, where X is the number of abilities from among flying, first strike, double strike, deathtouch, haste, hexproof, indestructible, lifelink, menace, reach, trample, and vigilance found among creatures you control. (Count each ability only once.)",https://scryfall.com/card/vow/243/odric-blood-cursed?utm_source=api,https://cards.scryfall.io/large/front/8/1/81a79f5f-a65a-4b43-b58c-cdfa09cc7855.jpg,https://edhrec.com/cards/odric-blood-cursed,1695,"Odric, Lunarch Marshal; Akroma, Vision of Ixidor; Majestic Myriarch; Concerted Effort; Eater of Virtue; Soulflayer","Odric, Blood-Cursed; Edgar Markov; Akroma, Vision of Ixidor // Rograkh, Son of Rohgahh; Licia, Sanguine Tribune; General Ferrous Rokiric; Mathas, Fiend Seeker; Commander Mustard; Dihada, Binder of Wills; Queen Marchesa; Eivor, Battle-Ready; Rograkh, Son of Rohgahh // Yoshimaru, Ever Faithful; Baylen, the Haymaker; Djeru and Hazoret; Shanid, Sleepers' Scourge; Kellan, the Fae-Blooded; Lightning, Army of One; Winota, Joiner of Forces; Ragost, Deft Gastronaut; Jodah, the Unifier; Aurelia, the Warleader; Jinnie Fay, Jetmir's Second; Mischievous Sneakling; Glister Bairn; Chitinous Graspling; Oko, Lorwyn Liege",
82866a0e-485a-4f7e-8c49-f7d9ff3f4ad4,"Aang, Swift Savior // Aang and La, Ocean's Fury",,Legendary Creature — Human Avatar Ally // Legendary Creature — Avatar Spirit Ally,,,3.0,rare,UW,Airbend|Flash|Flying|Reach|Trample|Transform|Waterbend,7,Flying|Reach|Trample,3,,https://scryfall.com/card/tla/204/aang-swift-savior-aang-and-la-oceans-fury?utm_source=api,https://cards.scryfall.io/large/front/8/2/82866a0e-485a-4f7e-8c49-f7d9ff3f4ad4.jpg,https://edhrec.com/cards/aang-swift-savior,24955,"Spell Queller; Venser, Shaper Savant; Reflector Mage; Brazen Borrower; Restoration Angel; Glorious Protector","Aang, Swift Savior; Avatar Aang; Katara, the Fearless",
8d8432a7-1c8a-4cfb-947c-ecf9791063eb,Sire of Seven Deaths,{7},Creature — Eldrazi,7.0,7.0,7.0,mythic,,First strike|Lifelink|Menace|Reach|Trample|Vigilance|Ward,7,First strike|Lifelink|Menace|Reach|Trample|Vigilance,6,"First strike, vigilance
Menace, trample
Reach, lifelink
Ward—Pay 7 life.",https://scryfall.com/card/fdn/1/sire-of-seven-deaths?utm_source=api,https://cards.scryfall.io/large/front/8/d/8d8432a7-1c8a-4cfb-947c-ecf9791063eb.jpg,https://edhrec.com/cards/sire-of-seven-deaths,54336,"Zetalpa, Primal Dawn; Akroma, Angel of Wrath; Elder Gargaroth; Wurmcoil Engine; Baneslayer Angel; Questing Beast","Sire of Seven Deaths; Zhulodok, Void Gorger; Ulalek, Fused Atrocity",
9d9a9350-4734-4cc1-986d-467e6715199f,"Slicer, Hired Muscle // Slicer, High-Speed Antagonist",,Legendary Artifact Creature — Robot // Legendary Artifact — Vehicle,,,5.0,mythic,R,Convert|Double strike|First strike|Goad|Haste|Living metal|More Than Meets the Eye,7,Double strike|First strike|Haste,3,,https://scryfall.com/card/bot/6/slicer-hired-muscle-slicer-high-speed-antagonist?utm_source=api,https://cards.scryfall.io/large/front/9/d/9d9a9350-4734-4cc1-986d-467e6715199f.jpg,https://edhrec.com/cards/slicer-hired-muscle,36402,"Tahngarth, First Mate; Khârn the Betrayer; Assault Suit; Xantcha, Sleeper Agent; Karazikar, the Eye Tyrant; Baeloth Barrityl, Entertainer","Slicer, Hired Muscle; Alexios, Deimos of Kosmos; Deadpool, Trading Card; Dr. Eggman; Nelly Borca, Impulsive Accuser",
bf1ef8ec-d915-41f2-b087-3d6d82e3db85,"Akroma, Angel of Wrath",{5}{W}{W}{W},Legendary Creature — Angel,6.0,6.0,8.0,mythic,W,First strike|Flying|Haste|Protection|Trample|Vigilance,6,First strike|Flying|Haste|Protection|Trample|Vigilance,6,"Flying, first strike, vigilance, trample, haste, protection from black and from red",https://scryfall.com/card/c20/73/akroma-angel-of-wrath?utm_source=api,https://cards.scryfall.io/large/front/b/f/bf1ef8ec-d915-41f2-b087-3d6d82e3db85.jpg,https://edhrec.com/cards/akroma-angel-of-wrath,30868,"Akroma, Vision of Ixidor; Zetalpa, Primal Dawn; Avacyn, Angel of Hope; Baneslayer Angel; Lyra Dawnbringer; Sephara, Sky's Blade","Akroma, Angel of Wrath; Kaalia of the Vast; Giada, Font of Hope",
0ef240aa-2a88-4ec4-888a-918466372adb,"Katilda, Dawnhart Martyr // Katilda's Rising Dawn",,Legendary Creature — Spirit Warlock // Legendary Enchantment — Aura,,,3.0,rare,W,Disturb|Enchant|Flying|Lifelink|Protection|Transform,6,Flying|Lifelink|Protection,3,,https://scryfall.com/card/vow/21/katilda-dawnhart-martyr-katildas-rising-dawn?utm_source=api,https://cards.scryfall.io/large/front/0/e/0ef240aa-2a88-4ec4-888a-918466372adb.jpg,https://edhrec.com/cards/katilda-dawnhart-martyr,23105,"All That Glitters; Ethereal Armor; Hallowed Haunting; Twinblade Geist; Dorothea, Vengeful Victim; Faithbound Judge","Katilda, Dawnhart Martyr; Millicent, Restless Revenant; King of the Oathbreakers; Sythis, Harvest's Hand; Eriette of the Charmed Apple; Light-Paws, Emperor's Voice; Daxos the Returned; Pearl-Ear, Imperial Advisor; Tuvasa the Sunlit; Yenna, Redtooth Regent; Gylwain, Casting Director; Ellivere of the Wild Court; Calix, Guided by Fate; Victor, Valgavoth's Seneschal; Eriette, the Beguiler; Go-Shintai of Life's Origin; Zur the Enchanter; Killian, Ink Duelist; Kykar, Wind's Fury; Rashel, Fist of Torm; Geist of Saint Traft; Shimmerwilds Growth; Harmonized Crescendo; Collective Inferno; Sodden Verdure",
f51a010d-641c-413f-8f91-0c8ff3b2085c,Rory Williams,{W}{U},Legendary Creature — Human Soldier,3.0,3.0,2.0,rare,UW,First strike|Investigate|Lifelink|Partner|Partner with|The Last Centurion,6,First strike|Lifelink|Partner,3,"Partner with Amy Pond
First strike, lifelink
The Last Centurion — When you cast this spell from anywhere other than exile, exile it with three time counters on it. It gains suspend. Then investigate. (Create a Clue token. It's an artifact with ""{2}, Sacrifice this token: Draw a card."")",https://scryfall.com/card/who/153/rory-williams?utm_source=api,https://cards.scryfall.io/large/front/f/5/f51a010d-641c-413f-8f91-0c8ff3b2085c.jpg,https://edhrec.com/cards/rory-williams,5370,Amy Pond; The Eleventh Doctor; Rose Tyler; Martha Jones; Clara Oswald; Donna Noble,"Rory Williams; The Tenth Doctor // Rose Tyler; The Eleventh Doctor // Amy Pond; The Fourteenth Doctor // Clara Oswald; The Fourteenth Doctor // Rose Noble; The Tenth Doctor // Clara Oswald; Jodah, the Unifier; The Face of Boe; The War Doctor // Clara Oswald; The Eleventh Doctor // Clara Oswald; The Ninth Doctor // Rose Tyler",
c0bdd07d-9fb9-4ee4-80db-494ee0cba58d,"Akroma, Vision of Ixidor",{5}{W}{W},Legendary Creature — Angel,6.0,6.0,7.0,mythic,W,First strike|Flying|Partner|Trample|Vigilance,5,First strike|Flying|Partner|Trample|Vigilance,5,"Flying, first strike, vigilance, trample
At the beginning of each combat, until end of turn, each other creature you control gets +1/+1 if it has flying, +1/+1 if it has first strike, and so on for double strike, deathtouch, haste, hexproof, indestructible, lifelink, menace, protection, reach, trample, vigilance, and partner.
Partner",https://scryfall.com/card/cmr/2/akroma-vision-of-ixidor?utm_source=api,https://cards.scryfall.io/large/front/c/0/c0bdd07d-9fb9-4ee4-80db-494ee0cba58d.jpg,https://edhrec.com/cards/akroma-vision-of-ixidor,23185,"Odric, Lunarch Marshal; Concerted Effort; Akroma, Angel of Wrath; Zetalpa, Primal Dawn; Radiant, Serra Archangel; Avacyn, Angel of Hope","Akroma, Vision of Ixidor; Giada, Font of Hope; Kaalia of the Vast; Odric, Lunarch Marshal; Kathril, Aspect Warper",
1aa7b481-9332-4140-9a46-11e4e384d8f1,Celebr-8000,{5},Artifact Creature — Clown Robot,3.0,3.0,5.0,rare,,Flying|Indestructible|Lifelink|Menace|Vigilance,5,Flying|Indestructible|Lifelink|Menace|Vigilance,5,"At the beginning of combat on your turn, roll two six-sided dice. For each result of 1, this creature gets +1/+1 until end of turn. For each other result, it gains the indicated ability until end of turn. If you rolled doubles, it also gains double strike until end of turn.
• 2 — menace
• 3 — vigilance
• 4 — lifelink
• 5 — flying
• 6 — indestructible",https://scryfall.com/card/unf/185/celebr-8000?utm_source=api,https://cards.scryfall.io/large/front/1/a/1aa7b481-9332-4140-9a46-11e4e384d8f1.jpg,https://edhrec.com/cards/celebr-8000,17870,Iron Golem; Clay Golem; Vexing Puzzlebox; Component Collector; Treasure Chest; Bucknard's Everfull Purse,"Celebr-8000; Mr. House, President and CEO; The Most Dangerous Gamer",
a209bda2-f0bf-4417-94f9-b73eff0b4217,"Kasla, the Broken Halo",{3}{U}{R}{W},Legendary Creature — Angel Ally,5.0,4.0,6.0,mythic,RUW,Convoke|Flying|Haste|Scry|Vigilance,5,Flying|Haste|Vigilance,3,"Convoke (Your creatures can help cast this spell. Each creature you tap while casting this spell pays for {1} or one mana of that creature's color.)
Flying, vigilance, haste
Whenever you cast another spell that has convoke, scry 2, then draw a card.",https://scryfall.com/card/moc/4/kasla-the-broken-halo?utm_source=api,https://cards.scryfall.io/large/front/a/2/a209bda2-f0bf-4417-94f9-b73eff0b4217.jpg,https://edhrec.com/cards/kasla-the-broken-halo,1981,"Saint Traft and Rem Karolus; Joyful Stormsculptor; Flockchaser Phantom; Zephyr Singer; Kykar, Wind's Fury; Wand of the Worldsoul","Kasla, the Broken Halo; Saint Traft and Rem Karolus; Kykar, Wind's Fury; Aragorn, the Uniter; General Tazri; Sokka, Tenacious Tactician; Sonic the Hedgehog; Jodah, the Unifier; Zinnia, Valley's Voice; Morophon, the Boundless; Esika, God of the Tree; The Ninth Doctor // Peri Brown; Omnath, Locus of All; Cayth, Famed Mechanist; Jared Carthalion; Aragorn, King of Gondor; Kenrith, the Returned King; The Fifteenth Doctor // Peri Brown; Ramos, Dragon Engine; Avatar Aang; Najeela, the Blade-Blossom; Unexpected Assistance; Harmonized Crescendo",
e0b6d40a-fded-4625-b03c-765c88d75766,Sunbird Standard // Sunbird Effigy,,Artifact // Artifact Creature — Bird Construct,,,3.0,uncommon,,Craft|Flying|Haste|Transform|Vigilance,5,Flying|Haste|Vigilance,3,,https://scryfall.com/card/lci/262/sunbird-standard-sunbird-effigy?utm_source=api,https://cards.scryfall.io/large/front/e/0/e0b6d40a-fded-4625-b03c-765c88d75766.jpg,https://edhrec.com/cards/sunbird-standard,6135,Fountain of Ichor; Cultivator's Caravan; Thunder Totem; Azorius Keyrune; Azor's Gateway; Chromatic Lantern,"Sunbird Standard; Tetzin, Gnome Champion; Jenson Carthalion, Druid Exile; Choco, Seeker of Paradise; Jared Carthalion; Kastral, the Windcrested; Ramos, Dragon Engine; Derevi, Empyrial Tactician; Esika, God of the Tree; Omnath, Locus of All; Gishath, Sun's Avatar; Ovika, Enigma Goliath; Jodah, the Unifier; Infinite Guideline Station; Pantlaza, Sun-Favored; Tom Bombadil; Breya, Etherium Shaper; The Ur-Dragon; Zedruu the Greathearted; Gwaihir the Windlord; Progenitus; Tam, Mindful First-Year; Prismatic Undercurrents; Aurora Awakener; Mass of Mysteries",
78c71a23-8e73-406e-bbd0-4474c17c1d04,"Zetalpa, Primal Dawn",{6}{W}{W},Legendary Creature — Elder Dinosaur,4.0,8.0,8.0,rare,W,Double strike|Flying|Indestructible|Trample|Vigilance,5,Double strike|Flying|Indestructible|Trample|Vigilance,5,"Flying, double strike, vigilance, trample, indestructible",https://scryfall.com/card/tdc/142/zetalpa-primal-dawn?utm_source=api,https://cards.scryfall.io/large/front/7/8/78c71a23-8e73-406e-bbd0-4474c17c1d04.jpg,https://edhrec.com/cards/zetalpa-primal-dawn,81322,"Akroma, Angel of Wrath; Avacyn, Angel of Hope; Ghalta, Primal Hunger; Etali, Primal Storm; Nezahal, Primal Tide; Tetzimoc, Primal Death","Zetalpa, Primal Dawn; Doran, Besieged by Time; Pantlaza, Sun-Favored",
2a81f0b5-5116-4946-89fc-18479bf85305,"Akroma, Angel of Fury",{5}{R}{R}{R},Legendary Creature — Angel,6.0,6.0,8.0,mythic,R,Flying|Morph|Protection|Trample,4,Flying|Protection|Trample,3,"This spell can't be countered.
Flying, trample, protection from white and from blue
{R}: Akroma gets +1/+0 until end of turn.
Morph {3}{R}{R}{R} (You may cast this card face down as a 2/2 creature for {3}. Turn it face up any time for its morph cost.)",https://scryfall.com/card/mkc/146/akroma-angel-of-fury?utm_source=api,https://cards.scryfall.io/large/front/2/a/2a81f0b5-5116-4946-89fc-18479bf85305.jpg,https://edhrec.com/cards/akroma-angel-of-fury,17997,"Akroma, Angel of Wrath; Akroma, Vision of Ixidor; Imperial Hellkite; Avatar of Fury; Bogardan Hellkite; Hellkite Charger","Akroma, Angel of Fury; Kaalia of the Vast; Yarus, Roar of the Old Gods; Kaust, Eyes of the Glade; Animar, Soul of Elements; Gisela, Blade of Goldnight; Aurelia, the Warleader; Atla Palani, Nest Tender; Jhoira of the Ghitu; Akroma, Vision of Ixidor // Rograkh, Son of Rohgahh; Mayael the Anima; Tannuk, Steadfast Second; Clive, Ifrit's Dominant; Esika, God of the Tree; Duskana, the Rage Mother; Avatar Roku, Firebender; Tariel, Reckoner of Souls; Djeru and Hazoret; Aurelia, the Law Above; The Infamous Cruelclaw; Sisay, Weatherlight Captain; Sodden Verdure; Hexing Squelcher; Tanufel Rimespeaker; Twinflame Travelers",
98c42f02-6eda-4ef7-929f-b3a2ece9f650,Angel of Invention,{3}{W}{W},Creature — Angel,2.0,1.0,5.0,mythic,W,Fabricate|Flying|Lifelink|Vigilance,4,Flying|Lifelink|Vigilance,3,"Flying, vigilance, lifelink
Fabricate 2 (When this creature enters, put two +1/+1 counters on it or create two 1/1 colorless Servo artifact creature tokens.)
Other creatures you control get +1/+1.",https://scryfall.com/card/tdc/109/angel-of-invention?utm_source=api,https://cards.scryfall.io/large/front/9/8/98c42f02-6eda-4ef7-929f-b3a2ece9f650.jpg,https://edhrec.com/cards/angel-of-invention,31419,Trostani Discordant; Geist-Honored Monk; Cloudgoat Ranger; Captain of the Watch; Hero of Bladehold; Visionary Augmenter,"Angel of Invention; Giada, Font of Hope; Satya, Aetherflux Genius",
4bd3014b-94bb-4a9f-92cf-239a2dcc7e97,Baneslayer Angel,{3}{W}{W},Creature — Angel,5.0,5.0,5.0,mythic,W,First strike|Flying|Lifelink|Protection,4,First strike|Flying|Lifelink|Protection,4,"Flying, first strike, lifelink, protection from Demons and from Dragons",https://scryfall.com/card/m21/6/baneslayer-angel?utm_source=api,https://cards.scryfall.io/large/front/4/b/4bd3014b-94bb-4a9f-92cf-239a2dcc7e97.jpg,https://edhrec.com/cards/baneslayer-angel,28334,"Lyra Dawnbringer; Gisela, the Broken Blade; Archangel of Thune; Serra Angel; Akroma, Angel of Wrath; Valkyrie Harbinger","Baneslayer Angel; Giada, Font of Hope; Kaalia of the Vast; Sigarda, Font of Blessings; Avacyn, Angel of Hope; Liesa, Shroud of Dusk; Odric, Lunarch Marshal; Shilgengar, Sire of Famine; Aurelia, the Warleader; Akroma, Vision of Ixidor // Rograkh, Son of Rohgahh; Lyra Dawnbringer; Gisela, Blade of Goldnight; Kathril, Aspect Warper; Liesa, Forgotten Archangel; Will, Scion of Peace; Heliod, Sun-Crowned; Kwende, Pride of Femeref; Hope Estheim; Lathiel, the Bounteous Dawn; Sephara, Sky's Blade; Mayael the Anima; Chronicle of Victory; Sodden Verdure; Wistfulness; Gathering Stone",
84e1cc7d-e645-4b0e-b117-63f93528ed12,Boon-Bringer Valkyrie,{3}{W}{W},Creature — Angel Warrior,4.0,4.0,5.0,rare,W,Backup|First strike|Flying|Lifelink,4,First strike|Flying|Lifelink,3,"Backup 1 (When this creature enters, put a +1/+1 counter on target creature. If that's another creature, it gains the following abilities until end of turn.)
Flying, first strike, lifelink",https://scryfall.com/card/mom/9/boon-bringer-valkyrie?utm_source=api,https://cards.scryfall.io/large/front/8/4/84e1cc7d-e645-4b0e-b117-63f93528ed12.jpg,https://edhrec.com/cards/boon-bringer-valkyrie,13388,"Baneslayer Angel; Lyra Dawnbringer; Gisela, the Broken Blade; Steel Seraph; Archangel of Thune; Angel of Invention","Boon-Bringer Valkyrie; Giada, Font of Hope; Kaalia of the Vast; Bright-Palm, Soul Awakener; Odric, Lunarch Marshal; Kathril, Aspect Warper; Shilgengar, Sire of Famine; Sigarda, Font of Blessings; Agrus Kos, Eternal Soldier; Akroma, Vision of Ixidor // Rograkh, Son of Rohgahh; Liesa, Shroud of Dusk; Kwende, Pride of Femeref; Lathiel, the Bounteous Dawn; Shalai and Hallar; Will, Scion of Peace; Aurelia, the Warleader; Lyra Dawnbringer; Hope Estheim; Nalia de'Arnise; Liesa, Forgotten Archangel; Avacyn, Angel of Hope; Kirol, Attentive First-Year; Abigale, Eloquent First-Year; Bre of Clan Stoutarm; Glen Elendra Guardian",
7e926e19-553c-470a-afde-358541af5caa,"Brisela, Voice of Nightmares",,Legendary Creature — Eldrazi Angel,9.0,10.0,11.0,mythic,W,First strike|Flying|Lifelink|Vigilance,4,First strike|Flying|Lifelink|Vigilance,4,"Flying, first strike, vigilance, lifelink
Your opponents can't cast spells with mana value 3 or less.",https://scryfall.com/card/inr/14b/brisela-voice-of-nightmares?utm_source=api,https://cards.scryfall.io/large/front/7/e/7e926e19-553c-470a-afde-358541af5caa.jpg,,,,,HTTP 404
c67e509e-a219-4f7f-b7eb-8c446cc0620a,Cavern-Hoard Dragon,{7}{R}{R},Creature — Dragon,6.0,6.0,9.0,rare,R,Flying|Haste|Trample|Treasure,4,Flying|Haste|Trample,3,"This spell costs {X} less to cast, where X is the greatest number of artifacts an opponent controls.
Flying, trample, haste
Whenever this creature deals combat damage to a player, you create a Treasure token for each artifact that player controls.",https://scryfall.com/card/ltc/31/cavern-hoard-dragon?utm_source=api,https://cards.scryfall.io/large/front/c/6/c67e509e-a219-4f7f-b7eb-8c446cc0620a.jpg,https://edhrec.com/cards/cavern-hoard-dragon,91384,"Hellkite Tyrant; Ancient Copper Dragon; Goldspan Dragon; Old Gnawbone; Balefire Dragon; Atsushi, the Blazing Sky","Cavern-Hoard Dragon; Sauron, the Dark Lord; The Ur-Dragon; Miirym, Sentinel Wyrm; Magda, Brazen Outlaw",
04506bad-3856-4184-8dda-941ded60f41a,"Gisela, the Broken Blade",{2}{W}{W},Legendary Creature — Angel Horror,4.0,3.0,4.0,mythic,W,First strike|Flying|Lifelink|Meld,4,First strike|Flying|Lifelink,3,"Flying, first strike, lifelink
At the beginning of your end step, if you both own and control Gisela and a creature named Bruna, the Fading Light, exile them, then meld them into Brisela, Voice of Nightmares.",https://scryfall.com/card/inr/24/gisela-the-broken-blade?utm_source=api,https://cards.scryfall.io/large/front/0/4/04506bad-3856-4184-8dda-941ded60f41a.jpg,https://edhrec.com/cards/gisela-the-broken-blade,52247,"Bruna, the Fading Light; Baneslayer Angel; Lyra Dawnbringer; Gisela, Blade of Goldnight; Archangel of Thune; Archangel of Tithes","Gisela, the Broken Blade; Giada, Font of Hope; Kaalia of the Vast",
b0f1597f-1dc7-465e-8fcb-0afe61bcca46,Gwen Stacy // Ghost-Spider,,Legendary Creature — Human Performer Hero // Legendary Creature — Spider Human Hero,,,2.0,mythic,RUW,Flying|Haste|Transform|Vigilance,4,Flying|Haste|Vigilance,3,,https://scryfall.com/card/spm/78/gwen-stacy-ghost-spider?utm_source=api,https://cards.scryfall.io/large/front/b/0/b0f1597f-1dc7-465e-8fcb-0afe61bcca46.jpg,https://edhrec.com/cards/gwen-stacy,5404,"Pia Nalaar, Consul of Revival; Narset, Enlightened Exile; Laelia, the Blade Reforged; Rocco, Street Chef; Commander Liara Portyr; Prosper, Tome-Bound","Gwen Stacy; Captain America, Team Leader; Cosmic Spider-Man; Jodah, the Unifier; Sonic the Hedgehog; The Tenth Doctor // Rose Tyler; Esika, God of the Tree; Najeela, the Blade-Blossom; Avatar Aang; Morophon, the Boundless; Atreus, Impulsive Son // Kratos, Stoic Father; Aragorn, the Uniter; The Wandering Minstrel; Optimus Prime, Hero; Captain America, First Avenger; Shiko, Paragon of the Way; Kenrith, the Returned King; The Twelfth Doctor // Romana II; The War Doctor // K-9, Mark I; Narset, Enlightened Exile; Sisay, Weatherlight Captain; Chronicle of Victory; Collective Inferno; Abundant Countryside; Bloodline Bidding",
5fa0404b-757a-4aee-bcd8-6150938d0fba,Khorvath Brightflame,{5}{R},Legendary Creature — Dragon,3.0,4.0,6.0,rare,R,Flying|Haste|Partner|Partner with,4,Flying|Haste|Partner,3,"Partner with Sylvia Brightspear (When this creature enters, target player may put Sylvia into their hand from their library, then shuffle.)
Flying, haste
Knights your team controls have flying and haste.",https://scryfall.com/card/bbd/9/khorvath-brightflame?utm_source=api,https://cards.scryfall.io/large/front/5/f/5fa0404b-757a-4aee-bcd8-6150938d0fba.jpg,https://edhrec.com/cards/khorvath-brightflame,2367,"Sylvia Brightspear; Lathliss, Dragon Queen; Hellkite Charger; Drakuseth, Maw of Flames; Scourge of Valkas; Utvara Hellkite","Khorvath Brightflame; Syr Gwyn, Hero of Ashvale; The Ur-Dragon; Arthur, Marigold Knight; Morophon, the Boundless; Kenrith, the Returned King; Jodah, the Unifier; Shanid, Sleepers' Scourge; Zurgo and Ojutai; Éowyn, Shieldmaiden; Queen Marchesa; Bladewing, Deathless Tyrant; Esika, God of the Tree; Kaalia of the Vast; Rith, Liberated Primeval; Celes, Rune Knight; Cecily, Haunted Mage // Othelm, Sigardian Outcast; Tiamat; Jerrard of the Closed Fist; Reaper King; Sisay, Weatherlight Captain; Chomping Changeling; Omni-Changeling",
54b65cca-7844-4d3e-9d7f-ed1f49f94425,Knuckles the Echidna,{2}{R}{R},Legendary Creature — Echidna Warrior,2.0,4.0,4.0,mythic,R,Double strike|Haste|Trample|Treasure,4,Double strike|Haste|Trample,3,"Double strike, trample, haste
Whenever one or more creatures you control deal combat damage to a player, create a Treasure token.
Treasure Hunter — At the beginning of your upkeep, if you control thirty or more artifacts, you win the game.",https://scryfall.com/card/sld/2082/knuckles-the-echidna?utm_source=api,https://cards.scryfall.io/large/front/5/4/54b65cca-7844-4d3e-9d7f-ed1f49f94425.jpg,https://edhrec.com/cards/knuckles-the-echidna,48011,"Hellkite Tyrant; Professional Face-Breaker; Captain Lannery Storm; Goldspan Dragon; Ragavan, Nimble Pilferer; Magda, Brazen Outlaw",Knuckles the Echidna; Sonic the Hedgehog; Shadow the Hedgehog,
88d36c32-d6f9-46e4-9cc8-08e6c0ff05d2,"Krang, Utrom Warlord",{9},Legendary Artifact Creature — Utrom Robot,9.0,9.0,9.0,mythic,,Flying|Haste|Indestructible|Trample,4,Flying|Haste|Indestructible|Trample,4,"Flying, trample, indestructible, haste
Other artifact creatures you control have flying, trample, indestructible, and haste.",https://scryfall.com/card/tmt/175/krang-utrom-warlord?utm_source=api,https://cards.scryfall.io/large/front/8/8/88d36c32-d6f9-46e4-9cc8-08e6c0ff05d2.jpg,https://edhrec.com/cards/krang-utrom-warlord,5012,"Akroma's Memorial; Blightsteel Colossus; Darksteel Colossus; Graaz, Unstoppable Juggernaut; Triplicate Titan; Eldrazi Monument","Krang, Utrom Warlord; Donatello, Mutant Mechanic; Raph & Mikey, Troublemakers; Donatello, Gadget Master; Krang, Master Mind",
30cfd6c9-9eed-493b-bd1d-113cb7935f61,Life of the Party,{3}{R},Creature — Elemental,0.0,1.0,4.0,rare,R,First strike|Goad|Haste|Trample,4,First strike|Haste|Trample,3,"First strike, trample, haste
Whenever this creature attacks, it gets +X/+0 until end of turn, where X is the number of creatures you control.
When this creature enters, if it's not a token, each opponent creates a token that's a copy of it. The tokens are goaded for the rest of the game. (They attack each combat if able and attack a player other than you if able.)",https://scryfall.com/card/ncc/48/life-of-the-party?utm_source=api,https://cards.scryfall.io/large/front/3/0/30cfd6c9-9eed-493b-bd1d-113cb7935f61.jpg,https://edhrec.com/cards/life-of-the-party,27051,"Rite of the Raging Storm; Slicer, Hired Muscle; Khârn the Betrayer; Agitator Ant; Varchild, Betrayer of Kjeldor; Hunted Dragon","Life of the Party; Thantis, the Warweaver; Nelly Borca, Impulsive Accuser",
1103da9c-300c-406b-997d-9e5bb7cd02d6,"Lightning, Army of One",{1}{R}{W},Legendary Creature — Human Soldier,3.0,2.0,3.0,mythic,RW,First strike|Lifelink|Stagger|Trample,4,First strike|Lifelink|Trample,3,"First strike, trample, lifelink
Stagger — Whenever Lightning deals combat damage to a player, until your next turn, if a source would deal damage to that player or a permanent that player controls, it deals double that damage instead.",https://scryfall.com/card/fin/233/lightning-army-of-one?utm_source=api,https://cards.scryfall.io/large/front/1/1/1103da9c-300c-406b-997d-9e5bb7cd02d6.jpg,https://edhrec.com/cards/lightning-army-of-one,32734,"Gisela, Blade of Goldnight; Curse of Bloodletting; Bruse Tarl, Boorish Herder; Dictate of the Twin Gods; Furnace of Rath; Solphim, Mayhem Dominus","Lightning, Army of One; Bre of Clan Stoutarm; Cloud, Ex-SOLDIER",
9a55b60a-5d90-4f73-984e-53fdcc0366e4,Lone Rider // It That Rides as One,,Creature — Human Knight // Creature — Eldrazi Horror,,,2.0,uncommon,W,First strike|Lifelink|Trample|Transform,4,First strike|Lifelink|Trample,3,,https://scryfall.com/card/emn/33/lone-rider-it-that-rides-as-one?utm_source=api,https://cards.scryfall.io/large/front/9/a/9a55b60a-5d90-4f73-984e-53fdcc0366e4.jpg,https://edhrec.com/cards/lone-rider,6391,"Knight of Meadowgrain; Fiendslayer Paladin; Danitha Capashen, Paragon; Gisela, the Broken Blade; Aerial Responder; Speaker of the Heavens","Lone Rider; Bre of Clan Stoutarm; Odric, Lunarch Marshal; Lathiel, the Bounteous Dawn; Kwende, Pride of Femeref; Hope Estheim; Oloro, Ageless Ascetic; Heliod, Sun-Crowned; Betor, Ancestor's Voice; Breena, the Demagogue; Licia, Sanguine Tribune; Sorin of House Markov; Sidar Jabari of Zhalfir; Gisela, the Broken Blade; Liesa, Shroud of Dusk; Karlov of the Ghost Council; Will, Scion of Peace; The Gaffer; Syr Gwyn, Hero of Ashvale; Akroma, Vision of Ixidor // Rograkh, Son of Rohgahh; Gwaihir, Greatest of the Eagles; Kirol, Attentive First-Year; Kinscaer Sentry; Abigale, Eloquent First-Year; Bruce Banner",
a4fab67f-00c2-4125-9262-d21a29411797,"Rograkh, Son of Rohgahh",{0},Legendary Creature — Kobold Warrior,0.0,1.0,0.0,uncommon,R,First strike|Menace|Partner|Trample,4,First strike|Menace|Partner|Trample,4,"First strike, menace, trample
Partner (You can have two commanders if both have partner.)",https://scryfall.com/card/cmr/197/rograkh-son-of-rohgahh?utm_source=api,https://cards.scryfall.io/large/front/a/4/a4fab67f-00c2-4125-9262-d21a29411797.jpg,https://edhrec.com/cards/rograkh-son-of-rohgahh,37747,"Crimson Kobolds; Crookshank Kobolds; Kobolds of Kher Keep; Yoshimaru, Ever Faithful; Kediss, Emberclaw Familiar; Memnite","Rograkh, Son of Rohgahh; Winota, Joiner of Forces; Jodah, the Unifier",
3842803c-2d51-4ee0-88c3-800e2948d32c,Salvation Colossus,{6}{W}{W},Artifact Creature — Construct,9.0,9.0,8.0,rare,W,Flying|Trample|Unearth|Vigilance,4,Flying|Trample|Vigilance,3,"Flying, vigilance, trample
Whenever you attack, other creatures you control get +2/+2 and gain indestructible until end of turn.
Unearth—Pay eight {E}. (Pay eight energy counters: Return this card from your graveyard to the battlefield. It gains haste. Exile it at the beginning of the next end step or if it would leave the battlefield. Unearth only as a sorcery.)",https://scryfall.com/card/m3c/43/salvation-colossus?utm_source=api,https://cards.scryfall.io/large/front/3/8/3842803c-2d51-4ee0-88c3-800e2948d32c.jpg,https://edhrec.com/cards/salvation-colossus,18820,"Moonshaker Cavalry; Triplicate Titan; Akroma, Vision of Ixidor; Zetalpa, Primal Dawn; Myr Battlesphere; Cityscape Leveler","Salvation Colossus; Satya, Aetherflux Genius; Dr. Madison Li",
afd0ba67-cbb7-49fe-83a0-02e85a37d9d6,Scavenged Brawler,{6},Artifact Creature — Construct,4.0,4.0,6.0,rare,,Flying|Lifelink|Trample|Vigilance,4,Flying|Lifelink|Trample|Vigilance,4,"Flying, vigilance, trample, lifelink
{5}, Exile this card from your graveyard: Choose target creature. Put four +1/+1 counters, a flying counter, a vigilance counter, a trample counter, and a lifelink counter on that creature. Activate only as a sorcery.",https://scryfall.com/card/brc/17/scavenged-brawler?utm_source=api,https://cards.scryfall.io/large/front/a/f/afd0ba67-cbb7-49fe-83a0-02e85a37d9d6.jpg,https://edhrec.com/cards/scavenged-brawler,36566,"Crystalline Giant; The Ozolith; Wurmcoil Engine; Akroma's Memorial; Steel Hellkite; Kathril, Aspect Warper","Scavenged Brawler; Indominus Rex, Alpha; Skullbriar, the Walking Grave",
3637d9b8-87bb-478d-bfb1-59ddab7b5e4c,Stormbreath Dragon,{3}{R}{R},Creature — Dragon,4.0,4.0,5.0,mythic,R,Flying|Haste|Monstrosity|Protection,4,Flying|Haste|Protection,3,"Flying, haste, protection from white
{5}{R}{R}: Monstrosity 3. (If this creature isn't monstrous, put three +1/+1 counters on it and it becomes monstrous.)
When this creature becomes monstrous, it deals damage to each opponent equal to the number of cards in that player's hand.",https://scryfall.com/card/tdc/237/stormbreath-dragon?utm_source=api,https://cards.scryfall.io/large/front/3/6/3637d9b8-87bb-478d-bfb1-59ddab7b5e4c.jpg,https://edhrec.com/cards/stormbreath-dragon,10278,Thundermaw Hellkite; Glorybringer; Goldspan Dragon; Skarrgan Hellkite; Terror of the Peaks; Demanding Dragon,"Stormbreath Dragon; Ureni of the Unwritten; Eshki, Temur's Roar; Miirym, Sentinel Wyrm; The Ur-Dragon; Lathliss, Dragon Queen; Rivaz of the Claw; Adamaro, First to Desire; Kaalia of the Vast; Atarka, World Render; Firkraag, Cunning Instigator; Tiamat; Neheb, the Eternal; Neriv, Heart of the Storm; Ognis, the Dragon's Lash; Sarkhan, Dragon Ascendant; Sarkhan, Soul Aflame; Xenagos, God of Revels; Magda, Brazen Outlaw; Dragonhawk, Fate's Tempest; Agatha of the Vile Cauldron; Collective Inferno; Spinerock Tyrant; Hexing Squelcher; Chronicle of Victory",
407041c4-0154-42ee-a736-7815024d1719,Sunblade Angel,{5}{W},Creature — Angel,3.0,3.0,6.0,common,W,First strike|Flying|Lifelink|Vigilance,4,First strike|Flying|Lifelink|Vigilance,4,"Flying, first strike, vigilance, lifelink",https://scryfall.com/card/cmm/61/sunblade-angel?utm_source=api,https://cards.scryfall.io/large/front/4/0/407041c4-0154-42ee-a736-7815024d1719.jpg,https://edhrec.com/cards/sunblade-angel,5123,"Baneslayer Angel; Lyra Dawnbringer; Aerial Responder; Akroma, Angel of Wrath; Gisela, the Broken Blade; Danitha Capashen, Paragon","Sunblade Angel; Giada, Font of Hope; Kathril, Aspect Warper; Kaalia of the Vast; Odric, Lunarch Marshal; Aurelia, the Warleader; Lyra Dawnbringer; Shilgengar, Sire of Famine; Sephara, Sky's Blade; Lathiel, the Bounteous Dawn; Liesa, Shroud of Dusk; Gisela, Blade of Goldnight; Sigarda, Font of Blessings; Avacyn, Angel of Hope; Will, Scion of Peace; Akroma, Vision of Ixidor // Rograkh, Son of Rohgahh; Kwende, Pride of Femeref; Heliod, Sun-Crowned; Kangee, Sky Warden; Aurelia, the Law Above; Liesa, Forgotten Archangel; Abigale, Eloquent First-Year; Midnight Tilling; Sygg's Command; Chronicle of Victory",
99fd1cd5-4740-4a0f-b773-3d3b66861d77,The Warring Triad,{3},Legendary Artifact Creature — God,5.0,5.0,3.0,rare,,Flying|Haste|Mill|Trample,4,Flying|Haste|Trample,3,"Flying, trample, haste
As long as there are fewer than eight cards in your graveyard, The Warring Triad isn't a creature.
{T}, Mill a card: Target player adds one mana of any color.",https://scryfall.com/card/fic/99/the-warring-triad?utm_source=api,https://cards.scryfall.io/large/front/9/9/99fd1cd5-4740-4a0f-b773-3d3b66861d77.jpg,https://edhrec.com/cards/the-warring-triad,30989,"Millikin; Deranged Assistant; Deathrite Shaman; Egon, God of Death; Kefnet the Mindful; Hazoret the Fervent","The Warring Triad; Terra, Herald of Hope; Atreus, Impulsive Son // Kratos, Stoic Father",
24a3df0f-071e-4639-b425-9f65ec6d4fc0,Weathered Sentinels,{3},Artifact Creature — Wall,2.0,5.0,3.0,rare,,Defender|Reach|Trample|Vigilance,4,Reach|Trample|Vigilance,3,"Defender, vigilance, reach, trample
This creature can attack players who attacked you during their last turn as though it didn't have defender.
Whenever this creature attacks, it gets +3/+3 and gains indestructible until end of turn.",https://scryfall.com/card/tdc/336/weathered-sentinels?utm_source=api,https://cards.scryfall.io/large/front/2/4/24a3df0f-071e-4639-b425-9f65ec6d4fc0.jpg,https://edhrec.com/cards/weathered-sentinels,45334,Colossus of Akros; Gargoyle Sentinel; Manor Gargoyle; Walking Bulwark; Slumbering Dragon; Wakestone Gargoyle,"Weathered Sentinels; Doran, Besieged by Time; Felothar the Steadfast",
67a76010-d932-4727-8b5e-b8e2d14e1362,Adult Gold Dragon,{3}{R}{W},Creature — Dragon,4.0,3.0,5.0,rare,RW,Flying|Haste|Lifelink,3,Flying|Haste|Lifelink,3,"Flying, lifelink, haste",https://scryfall.com/card/afr/216/adult-gold-dragon?utm_source=api,https://cards.scryfall.io/large/front/6/7/67a76010-d932-4727-8b5e-b8e2d14e1362.jpg,https://edhrec.com/cards/adult-gold-dragon,7372,Velomachus Lorehold; Thundermaw Hellkite; Stormbreath Dragon; Glorybringer; Goldspan Dragon; Spark Trooper,"Adult Gold Dragon; Bre of Clan Stoutarm; The Ur-Dragon; Tiamat; Kaalia of the Vast; Khorvath Brightflame // Sylvia Brightspear; Neriv, Heart of the Storm; Sonic the Hedgehog; Akroma, Vision of Ixidor // Rograkh, Son of Rohgahh; Rith, Liberated Primeval; General Ferrous Rokiric; Zurgo and Ojutai; Niv-Mizzet, Guildpact; Ramos, Dragon Engine; Atla Palani, Nest Tender; Bruenor Battlehammer; Niv-Mizzet Reborn; Odric, Blood-Cursed; Morophon, the Boundless; Velomachus Lorehold; Scion of the Ur-Dragon; Kirol, Attentive First-Year; Curious Colossus; Spinerock Tyrant; Bre of Clan Stoutarm",
8833065e-5022-4f48-b2fd-6fe5647c0a07,Aerial Responder,{1}{W}{W},Creature — Dwarf Soldier,2.0,3.0,3.0,uncommon,W,Flying|Lifelink|Vigilance,3,Flying|Lifelink|Vigilance,3,"Flying, vigilance, lifelink",https://scryfall.com/card/c20/72/aerial-responder?utm_source=api,https://cards.scryfall.io/large/front/8/8/8833065e-5022-4f48-b2fd-6fe5647c0a07.jpg,https://edhrec.com/cards/aerial-responder,12130,"Vampire Nighthawk; Danitha Capashen, Paragon; Nighthawk Scavenger; Gifted Aetherborn; Healer's Hawk; Gisela, the Broken Blade","Aerial Responder; Bre of Clan Stoutarm; Odric, Lunarch Marshal; Kathril, Aspect Warper; Lathiel, the Bounteous Dawn; Depala, Pilot Exemplar; Bruenor Battlehammer; Akroma, Vision of Ixidor // Rograkh, Son of Rohgahh; Odric, Blood-Cursed; Hope Estheim; Myrel, Shield of Argive; Giott, King of the Dwarves; Heliod, Sun-Crowned; Betor, Ancestor's Voice; Sephara, Sky's Blade; Commander Mustard; Kangee, Sky Warden; Akroma, Vision of Ixidor // Ikra Shidiqi, the Usurper; Akroma, Vision of Ixidor // Kamahl, Heart of Krosa; Liesa, Shroud of Dusk; Arabella, Abandoned Doll; Abigale, Eloquent First-Year; Kinscaer Sentry; Kirol, Attentive First-Year; Collective Inferno",
3b951e0c-a4dd-4a20-87c6-eaa947e33aa4,"Akiri, Line-Slinger",{R}{W},Legendary Creature — Kor Soldier Ally,0.0,3.0,2.0,rare,RW,First strike|Partner|Vigilance,3,First strike|Partner|Vigilance,3,"First strike, vigilance
Akiri gets +1/+0 for each artifact you control.
Partner (You can have two commanders if both have partner.)",https://scryfall.com/card/c16/26/akiri-line-slinger?utm_source=api,https://cards.scryfall.io/large/front/3/b/3b951e0c-a4dd-4a20-87c6-eaa947e33aa4.jpg,https://edhrec.com/cards/akiri-line-slinger,4674,"Akiri, Fearless Voyager; Jor Kadeen, the Prevailer; Reyav, Master Smith; Wyleth, Soul of Steel; Bruenor Battlehammer; Ardenn, Intrepid Archaeologist","Akiri, Line-Slinger; General Ferrous Rokiric; Odric, Blood-Cursed; Breya, Etherium Shaper; Nahiri, Forged in Fury; Ardenn, Intrepid Archaeologist // Rograkh, Son of Rohgahh; Sokka and Suki; Akiri, Fearless Voyager; Captain America, First Avenger; Sophina, Spearsage Deserter // Wernog, Rider's Chaplain; Ardenn, Intrepid Archaeologist // Toggo, Goblin Weaponsmith; Cloud, Ex-SOLDIER; Bruenor Battlehammer; Anim Pakal, Thousandth Moon; Bjorna, Nightfall Alchemist // Wernog, Rider's Chaplain; Rograkh, Son of Rohgahh // Yoshimaru, Ever Faithful; Amy Rose; Rocco, Street Chef; Kellan, the Fae-Blooded; Kassandra, Eagle Bearer; Queen Kayla bin-Kroog; Tam, Mindful First-Year; Everything Pizza; Kirol, Attentive First-Year; Bre of Clan Stoutarm",
8f80c6e7-e9f9-4ca6-87f7-a52c96079e4a,"Aurelia, the Law Above",{3}{R}{W},Legendary Creature — Angel,4.0,4.0,5.0,rare,RW,Flying|Haste|Vigilance,3,Flying|Haste|Vigilance,3,"Flying, vigilance, haste
Whenever a player attacks with three or more creatures, you draw a card.
Whenever a player attacks with five or more creatures, Aurelia deals 3 damage to each of your opponents and you gain 3 life.",https://scryfall.com/card/mkm/188/aurelia-the-law-above?utm_source=api,https://cards.scryfall.io/large/front/8/f/8f80c6e7-e9f9-4ca6-87f7-a52c96079e4a.jpg,https://edhrec.com/cards/aurelia-the-law-above,76100,"Firemane Commando; Aurelia, the Warleader; Aurelia, Exemplar of Justice; Firemane Avenger; Tajic, Blade of the Legion; Commander Liara Portyr","Aurelia, the Law Above; Bre of Clan Stoutarm; Isshin, Two Heavens as One",
bc6ffc1c-575b-4116-83c9-d13b29886c35,"Aurelia, the Warleader",{2}{R}{R}{W}{W},Legendary Creature — Angel,3.0,4.0,6.0,mythic,RW,Flying|Haste|Vigilance,3,Flying|Haste|Vigilance,3,"Flying, vigilance, haste
Whenever Aurelia attacks for the first time each turn, untap all creatures you control. After this phase, there is an additional combat phase.",https://scryfall.com/card/fdn/651/aurelia-the-warleader?utm_source=api,https://cards.scryfall.io/large/front/b/c/bc6ffc1c-575b-4116-83c9-d13b29886c35.jpg,https://edhrec.com/cards/aurelia-the-warleader,136755,"Combat Celebrant; Karlach, Fury of Avernus; Port Razer; Moraug, Fury of Akoum; Scourge of the Throne; Gisela, Blade of Goldnight","Aurelia, the Warleader; Kaalia of the Vast; Isshin, Two Heavens as One",
317f1133-7cf8-4b7a-919e-88c45f8c2c3a,"Avacyn, Angel of Hope",{5}{W}{W}{W},Legendary Creature — Angel,8.0,8.0,8.0,mythic,W,Flying|Indestructible|Vigilance,3,Flying|Indestructible|Vigilance,3,"Flying, vigilance, indestructible
Other permanents you control have indestructible.",https://scryfall.com/card/cmm/14/avacyn-angel-of-hope?utm_source=api,https://cards.scryfall.io/large/front/3/1/317f1133-7cf8-4b7a-919e-88c45f8c2c3a.jpg,https://edhrec.com/cards/avacyn-angel-of-hope,146137,"Sephara, Sky's Blade; Akroma, Angel of Wrath; Soul of New Phyrexia; Zetalpa, Primal Dawn; Lyra Dawnbringer; Akroma, Vision of Ixidor","Avacyn, Angel of Hope; Kaalia of the Vast; Giada, Font of Hope",
a11f77e4-edb6-43c6-b8ca-d4f62d26d0c0,"Danitha Capashen, Paragon",{2}{W},Legendary Creature — Human Knight,2.0,2.0,3.0,uncommon,W,First strike|Lifelink|Vigilance,3,First strike|Lifelink|Vigilance,3,"First strike, vigilance, lifelink
Aura and Equipment spells you cast cost {1} less to cast.",https://scryfall.com/card/cmm/20/danitha-capashen-paragon?utm_source=api,https://cards.scryfall.io/large/front/a/1/a11f77e4-edb6-43c6-b8ca-d4f62d26d0c0.jpg,https://edhrec.com/cards/danitha-capashen-paragon,146504,"Hero of Iroas; Starnheim Courser; Sram, Senior Edificer; Danitha, Benalia's Hope; Transcendent Envoy; Balan, Wandering Knight","Danitha Capashen, Paragon; Eriette of the Charmed Apple; Cloud, Ex-SOLDIER",
845e5663-2959-44ae-b4c6-d6ea41f01d6e,"Danitha, Benalia's Hope",{4}{W},Legendary Creature — Human Knight,4.0,4.0,5.0,rare,W,First strike|Lifelink|Vigilance,3,First strike|Lifelink|Vigilance,3,"First strike, vigilance, lifelink
When Danitha enters, you may put an Aura or Equipment card from your hand or graveyard onto the battlefield attached to Danitha.",https://scryfall.com/card/dmu/15/danitha-benalias-hope?utm_source=api,https://cards.scryfall.io/large/front/8/4/845e5663-2959-44ae-b4c6-d6ea41f01d6e.jpg,https://edhrec.com/cards/danitha-benalias-hope,31043,"Danitha Capashen, Paragon; Ardenn, Intrepid Archaeologist; Bruna, Light of Alabaster; Armored Skyhunter; Halvar, God of Battle; Balan, Wandering Knight","Danitha, Benalia's Hope; Syr Gwyn, Hero of Ashvale; Arna Kennerüd, Skycaptain",
04d1a29b-af80-4f9a-881b-ef7374ecbce1,Dragon Tyrant,{8}{R}{R},Creature — Dragon,6.0,6.0,10.0,rare,R,Double strike|Flying|Trample,3,Double strike|Flying|Trample,3,"Flying, trample
Double strike (This creature deals both first-strike and regular combat damage.)
At the beginning of your upkeep, sacrifice this creature unless you pay {R}{R}{R}{R}.
{R}: This creature gets +1/+0 until end of turn.",https://scryfall.com/card/scg/88/dragon-tyrant?utm_source=api,https://cards.scryfall.io/large/front/0/4/04d1a29b-af80-4f9a-881b-ef7374ecbce1.jpg,https://edhrec.com/cards/dragon-tyrant,1641,"Hellkite Overlord; Atarka, World Render; Shivan Dragon; Moonveil Dragon; Balefire Dragon; Drakuseth, Maw of Flames","Dragon Tyrant; Scion of the Ur-Dragon; Zirilan of the Claw; Tannuk, Steadfast Second; Kaalia of the Vast; Ilharg, the Raze-Boar; Purphoros, Bronze-Blooded; Magda, Brazen Outlaw; Feldon of the Third Path; The Ur-Dragon; Bladewing the Risen; The Beamtown Bullies; Lathliss, Dragon Queen; Rivaz of the Claw; Atarka, World Render; Vaevictis Asmadi; Herigast, Erupting Nullkite; Jhoira of the Ghitu; Nicol Bolas; Inferno of the Star Mounts; Ayara, Widow of the Realm; Bloodline Bidding; Hexing Squelcher; Lavaleaper; Spinerock Tyrant",
c0a4450c-8dfd-4d05-adb9-e84ec6066c7d,Drogskol Reaver,{5}{W}{U},Creature — Spirit,3.0,5.0,7.0,rare,UW,Double strike|Flying|Lifelink,3,Double strike|Flying|Lifelink,3,"Flying
Double strike (This creature deals both first-strike and regular combat damage.)
Lifelink (Damage dealt by this creature also causes you to gain that much life.)
Whenever you gain life, draw a card.",https://scryfall.com/card/fdn/655/drogskol-reaver?utm_source=api,https://cards.scryfall.io/large/front/c/0/c0a4450c-8dfd-4d05-adb9-e84ec6066c7d.jpg,https://edhrec.com/cards/drogskol-reaver,32145,"Dream Trawler; Well of Lost Dreams; Alhammarret's Archive; Dawn of Hope; Shabraz, the Skyshark; Sphinx's Revelation","Drogskol Reaver; Oloro, Ageless Ascetic; Hope Estheim",
c9411c44-92a8-4f5d-b3de-d80046649c8c,Elite Inquisitor,{W}{W},Creature — Human Soldier,2.0,2.0,2.0,rare,W,First strike|Protection|Vigilance,3,First strike|Protection|Vigilance,3,"First strike, vigilance
Protection from Vampires, from Werewolves, and from Zombies",https://scryfall.com/card/isd/13/elite-inquisitor?utm_source=api,https://cards.scryfall.io/large/front/c/9/c9411c44-92a8-4f5d-b3de-d80046649c8c.jpg,https://edhrec.com/cards/elite-inquisitor,1549,White Knight; Silver Knight; Paladin en-Vec; Mirran Crusader; Fiendslayer Paladin; Knight of Meadowgrain,"Elite Inquisitor; Odric, Lunarch Marshal; Kwende, Pride of Femeref; Akroma, Vision of Ixidor // Rograkh, Son of Rohgahh; Myrel, Shield of Argive; Kyler, Sigardian Emissary; Odric, Master Tactician; Greymond, Avacyn's Stalwart; Sigarda, Font of Blessings; Adeline, Resplendent Cathar; Duskana, the Rage Mother; Thalia, Guardian of Thraben; Katilda, Dawnhart Prime; Commander Mustard; Thalia, Heretic Cathar; Kytheon, Hero of Akros; Inquisitor Greyfax; Iroas, God of Victory; Aurelia, the Warleader; Mikaeus, the Lunarch; Trostani, Three Whispers; Kinscaer Sentry; Abigale, Eloquent First-Year; Glamer Gifter; Harmonized Crescendo",
71911392-42b0-4b6d-baf7-918a4bd3b924,"Emrakul, the Promised End",{13},Legendary Creature — Eldrazi,13.0,13.0,13.0,mythic,,Flying|Protection|Trample,3,Flying|Protection|Trample,3,"This spell costs {1} less to cast for each card type among cards in your graveyard.
When you cast this spell, you gain control of target opponent during that player's next turn. After that turn, that player takes an extra turn.
Flying, trample, protection from instants",https://scryfall.com/card/inr/5/emrakul-the-promised-end?utm_source=api,https://cards.scryfall.io/large/front/7/1/71911392-42b0-4b6d-baf7-918a4bd3b924.jpg,https://edhrec.com/cards/emrakul-the-promised-end,72518,"Ulamog, the Ceaseless Hunger; Kozilek, the Great Distortion; Ulamog, the Infinite Gyre; Kozilek, Butcher of Truth; Mindslaver; Ulamog, the Defiler","Emrakul, the Promised End; Zhulodok, Void Gorger; Ulalek, Fused Atrocity",
e48cf6d5-4d32-4b66-80be-3495ecd3e906,Iron Giant,{7},Artifact Creature — Demon,6.0,6.0,7.0,common,,Reach|Trample|Vigilance,3,Reach|Trample|Vigilance,3,"Vigilance, reach, trample",https://scryfall.com/card/fin/260/iron-giant?utm_source=api,https://cards.scryfall.io/large/front/e/4/e48cf6d5-4d32-4b66-80be-3495ecd3e906.jpg,https://edhrec.com/cards/iron-giant,6846,"Triplicate Titan; Wurmcoil Engine; Soul of New Phyrexia; Traxos, Scourge of Kroog; Cityscape Leveler; Darksteel Colossus","Iron Giant; Indominus Rex, Alpha; Aloy, Savior of Meridian; Golbez, Crystal Collector; Ultima, Origin of Oblivion; Ardyn, the Usurper; Noctis, Prince of Lucis; Kaalia of the Vast; Tannuk, Steadfast Second; Be'lakor, the Dark Master; Rakdos, Lord of Riots; Tidus, Blitzball Star; Alena, Kessig Trapper // Gilanra, Caller of Wirewood; Lady Octopus, Inspired Inventor; Kenrith, the Returned King; Mendicant Core, Guidelight; Sami, Wildcat Captain; Oviya, Automech Artisan; Karn, Legacy Reforged; Urza, Lord High Artificer; The Wandering Minstrel; Sodden Verdure; Krang, Utrom Warlord; Buzz Bots; Hexing Squelcher",
557fcd17-6cb3-414a-b2b1-ea9ae32e5aec,"Kraum, Ludevic's Opus",{3}{U}{R},Legendary Creature — Zombie Horror,4.0,4.0,5.0,rare,RU,Flying|Haste|Partner,3,Flying|Haste|Partner,3,"Flying, haste
Whenever an opponent casts their second spell each turn, draw a card.
Partner (You can have two commanders if both have partner.)",https://scryfall.com/card/c16/34/kraum-ludevics-opus?utm_source=api,https://cards.scryfall.io/large/front/5/5/557fcd17-6cb3-414a-b2b1-ea9ae32e5aec.jpg,https://edhrec.com/cards/kraum-ludevics-opus,4641,"Ludevic, Necro-Alchemist; Mangara, the Diplomat; Ledger Shredder; Jori En, Ruin Diver; Ishai, Ojutai Dragonspeaker; Vial Smasher the Fierce","Kraum, Ludevic's Opus; Sonic the Hedgehog; Jodah, the Unifier; Kynaios and Tiro of Meletis; Vivi Ornitier; Kefka, Court Mage; Kenrith, the Returned King; Goro-Goro and Satoru; Niv-Mizzet, Parun; Shaun, Father of Synths; Nekusar, the Mindrazer; The Locust God; Ishai, Ojutai Dragonspeaker // Vial Smasher the Fierce; Niv-Mizzet, Guildpact; Aragorn, the Uniter; Esika, God of the Tree; Animar, Soul of Elements; Thraximundar; The Wandering Minstrel; Sisay, Weatherlight Captain; Sauron, the Dark Lord; Tam, Mindful First-Year; Hexing Squelcher; Glen Elendra Guardian; Raph & Mikey, Troublemakers",
2da11337-ceb2-4744-9696-c06fec2f2daa,"Liberty Prime, Recharged",{2}{U}{R}{W},Legendary Artifact Creature — Robot,8.0,8.0,5.0,mythic,RUW,Haste|Trample|Vigilance,3,Haste|Trample|Vigilance,3,"Vigilance, trample, haste
Whenever Liberty Prime attacks or blocks, sacrifice it unless you pay {E}{E} (two energy counters).
{2}, {T}, Sacrifice an artifact: You get {E}{E} and draw a card.",https://scryfall.com/card/pip/5/liberty-prime-recharged?utm_source=api,https://cards.scryfall.io/large/front/2/d/2da11337-ceb2-4744-9696-c06fec2f2daa.jpg,https://edhrec.com/cards/liberty-prime-recharged,13187,Dr. Madison Li; Assaultron Dominator; Sentry Bot; Brotherhood Vertibird; Automated Assembly Line; Behemoth of Vault 0,"Liberty Prime, Recharged; Dr. Madison Li; Satya, Aetherflux Genius; Kilo, Apogee Mind; Breya, Etherium Shaper; Optimus Prime, Hero; Cayth, Famed Mechanist; Kenrith, the Returned King; Aragorn, the Uniter; Elmar, Ulvenwald Informant // Hargilde, Kindly Runechanter; Inspirit, Flagship Vessel; Infinite Guideline Station; Ramos, Dragon Engine; Morophon, the Boundless; Sonic the Hedgehog; Jodah, the Unifier; Captain America, First Avenger; Omnath, Locus of Creation; Kynaios and Tiro of Meletis; Esika, God of the Tree; Tetzin, Gnome Champion; Lluwen, Imperfect Naturalist; Big Mother Mouser; Doran, Besieged by Time; Mass of Mysteries",
384cf91c-6cea-4279-b66d-d81b5791d411,Lightning Angel,{1}{U}{R}{W},Creature — Angel,3.0,4.0,4.0,rare,RUW,Flying|Haste|Vigilance,3,Flying|Haste|Vigilance,3,"Flying, vigilance, haste",https://scryfall.com/card/ddn/56/lightning-angel?utm_source=api,https://cards.scryfall.io/large/front/3/8/384cf91c-6cea-4279-b66d-d81b5791d411.jpg,https://edhrec.com/cards/lightning-angel,972,"Mantis Rider; Razia, Boros Archangel; Aurelia, the Warleader; Akroma, Angel of Wrath; Serra Angel; Firemane Angel","Lightning Angel; Sonic the Hedgehog; Aragorn, the Uniter; Morophon, the Boundless; Kasla, the Broken Halo; Akroma, Vision of Ixidor // Kraum, Ludevic's Opus; Omnath, Locus of All; Jared Carthalion; Kykar, Wind's Fury; Esika, God of the Tree; Cromat; Narset, Enlightened Exile; Aragorn, King of Gondor; Arthur, Marigold Knight; Ramos, Dragon Engine; Jenson Carthalion, Druid Exile; Child of Alara; Numot, the Devastator; Pramikon, Sky Rampart; Zinnia, Valley's Voice; Immard, the Stormcleaver; Tam, Mindful First-Year; Adept Watershaper; Lessons from Life; Wistfulness",
017f94bc-f7f0-4eed-9ca0-392872405f32,Lightning Shrieker,{4}{R},Creature — Dragon,5.0,5.0,5.0,common,R,Flying|Haste|Trample,3,Flying|Haste|Trample,3,"Flying, trample, haste
At the beginning of the end step, this creature's owner shuffles it into their library.",https://scryfall.com/card/jmp/345/lightning-shrieker?utm_source=api,https://cards.scryfall.io/large/front/0/1/017f94bc-f7f0-4eed-9ca0-392872405f32.jpg,https://edhrec.com/cards/lightning-shrieker,1247,Archwing Dragon; Thundermaw Hellkite; Stormbreath Dragon; Volcanic Dragon; Rorix Bladewing; Ball Lightning,"Lightning Shrieker; Miirym, Sentinel Wyrm; Lathliss, Dragon Queen; Zirilan of the Claw; Kaalia of the Vast; Atarka, World Render; The Ur-Dragon; Rivaz of the Claw; Neriv, Heart of the Storm; Lozhan, Dragons' Legacy; Ganax, Astral Hunter // Acolyte of Bahamut; Pantlaza, Sun-Favored; Thrakkus the Butcher; Tiamat; Lightning, Army of One; Magda, Brazen Outlaw; Sarkhan, Dragon Ascendant; Mr. Orfeo, the Boulder; Ognis, the Dragon's Lash; Tannuk, Steadfast Second; Ganax, Astral Hunter // Feywild Visitor; Kulrath Mystic; Flaring Cinder; TCRI Building; Adept Watershaper",
b2abce4d-ef21-4028-8a86-b7d1387bc937,Lyra Dawnbringer,{3}{W}{W},Legendary Creature — Angel,5.0,5.0,5.0,mythic,W,First strike|Flying|Lifelink,3,First strike|Flying|Lifelink,3,"Flying
First strike (This creature deals combat damage before creatures without first strike.)
Lifelink (Damage dealt by this creature also causes you to gain that much life.)
Other Angels you control get +1/+1 and have lifelink.",https://scryfall.com/card/fdn/707/lyra-dawnbringer?utm_source=api,https://cards.scryfall.io/large/front/b/2/b2abce4d-ef21-4028-8a86-b7d1387bc937.jpg,https://edhrec.com/cards/lyra-dawnbringer,71808,"Baneslayer Angel; Giada, Font of Hope; Righteous Valkyrie; Resplendent Angel; Archangel of Thune; Bishop of Wings","Lyra Dawnbringer; Giada, Font of Hope; Kaalia of the Vast",
82d5ce46-7118-4ede-ba1d-c387e7ce16e7,Mantis Rider,{U}{R}{W},Creature — Human Monk,3.0,3.0,3.0,rare,RUW,Flying|Haste|Vigilance,3,Flying|Haste|Vigilance,3,"Flying, vigilance, haste",https://scryfall.com/card/ktk/184/mantis-rider?utm_source=api,https://cards.scryfall.io/large/front/8/2/82d5ce46-7118-4ede-ba1d-c387e7ce16e7.jpg,https://edhrec.com/cards/mantis-rider,3272,"Lightning Angel; Skyknight Legionnaire; Stormchaser Mage; Sprite Dragon; Aurelia, the Warleader; Savage Knuckleblade","Mantis Rider; The Archimandrite; Aragorn, the Uniter; Sonic the Hedgehog; Narset, Enlightened Exile; Éowyn, Shieldmaiden; Elsha, Threefold Master; Shu Yun, the Silent Tempest; Aragorn, King of Gondor; Omnath, Locus of All; Narset, Enlightened Master; Satya, Aetherflux Genius; Elsha of the Infinite; Akroma, Vision of Ixidor // Kraum, Ludevic's Opus; Arthur, Marigold Knight; Captain America, First Avenger; Shiko and Narset, Unified; Ramos, Dragon Engine; Jared Carthalion; Kasla, the Broken Halo; Optimus Prime, Hero; Tam, Mindful First-Year; Lessons from Life; Prismatic Undercurrents; Aurora Awakener",
80c72839-0fa6-4b5f-83b7-6553ebf09bef,"Otharri, Suns' Glory",{3}{R}{W},Legendary Creature — Phoenix,3.0,3.0,5.0,mythic,RW,Flying|Haste|Lifelink,3,Flying|Haste|Lifelink,3,"Flying, lifelink, haste
Whenever Otharri attacks, you get an experience counter. Then create a 2/2 red Rebel creature token that's tapped and attacking for each experience counter you have.
{2}{R}{W}, Tap an untapped Rebel you control: Return this card from your graveyard to the battlefield tapped.",https://scryfall.com/card/onc/3/otharri-suns-glory?utm_source=api,https://cards.scryfall.io/large/front/8/0/80c72839-0fa6-4b5f-83b7-6553ebf09bef.jpg,https://edhrec.com/cards/otharri-suns-glory,45135,"Neyali, Suns' Vanguard; Anim Pakal, Thousandth Moon; Hero of Bladehold; Adeline, Resplendent Cathar; Leonin Warleader; Kalemne, Disciple of Iroas","Otharri, Suns' Glory; Isshin, Two Heavens as One; Atreus, Impulsive Son // Kratos, Stoic Father",
2f2b7fd3-a139-49ea-8a89-b64261e868ef,Quaketusk Boar,{3}{R}{R},Creature — Elemental Boar,5.0,5.0,5.0,uncommon,R,Haste|Reach|Trample,3,Haste|Reach|Trample,3,"Reach, trample, haste",https://scryfall.com/card/blb/146/quaketusk-boar?utm_source=api,https://cards.scryfall.io/large/front/2/f/2f2b7fd3-a139-49ea-8a89-b64261e868ef.jpg,https://edhrec.com/cards/quaketusk-boar,3021,"Charging Monstrosaur; Ilharg, the Raze-Boar; Thunderblust; Ball Lightning; Hellspark Elemental; Spark Elemental","Quaketusk Boar; Bria, Riptide Rogue; Muerra, Trash Tactician; Mabel, Heir to Cragflame; Sonic the Hedgehog; Gev, Scaled Scorch; Alania, Divergent Storm; Raggadragga, Goreguts Boss; Bello, Bard of the Brambles; Ognis, the Dragon's Lash; Minsc & Boo, Timeless Heroes; The Infamous Cruelclaw; Baylen, the Haymaker; Neriv, Heart of the Storm; Omnath, Locus of Rage; Alexios, Deimos of Kosmos; Arthur, Marigold Knight; Ruby, Daring Tracker; Horde of Notions; Halana and Alena, Partners; Atla Palani, Nest Tender; Mass of Mysteries; Twinflame Travelers",
87e80447-9572-43a7-8487-3249cd9ce596,"Razia, Boros Archangel",{4}{R}{R}{W}{W},Legendary Creature — Angel,6.0,3.0,8.0,rare,RW,Flying|Haste|Vigilance,3,Flying|Haste|Vigilance,3,"Flying, vigilance, haste
{T}: The next 3 damage that would be dealt to target creature you control this turn is dealt to another target creature instead.",https://scryfall.com/card/hop/92/razia-boros-archangel?utm_source=api,https://cards.scryfall.io/large/front/8/7/87e80447-9572-43a7-8487-3249cd9ce596.jpg,https://edhrec.com/cards/razia-boros-archangel,1661,"Aurelia, the Warleader; Gisela, Blade of Goldnight; Basandra, Battle Seraph; Anya, Merciless Angel; Akroma, Angel of Wrath; Truefire Captain","Razia, Boros Archangel; Kaalia of the Vast; Aurelia, the Warleader; Aurelia, the Law Above; Gisela, Blade of Goldnight; Niv-Mizzet, Guildpact; Aurelia, Exemplar of Justice; General Ferrous Rokiric; Feather, the Redeemed; Atla Palani, Nest Tender; Rienne, Angel of Rebirth; Tariel, Reckoner of Souls; Mayael the Anima; Iroas, God of Victory; Esika, God of the Tree; Niv-Mizzet Reborn; Archangel Avacyn; Sisay, Weatherlight Captain; Agrus Kos, Wojek Veteran; Basandra, Battle Seraph; Djeru and Hazoret; Springleaf Parade; Rain-Slicked Copse; Sodden Verdure; Harmonized Crescendo",
ff23b1c2-7b99-4504-8944-ada264725524,Shepherd of the Lost,{4}{W},Creature — Angel,3.0,3.0,5.0,uncommon,W,First strike|Flying|Vigilance,3,First strike|Flying|Vigilance,3,"Flying, first strike, vigilance",https://scryfall.com/card/zen/34/shepherd-of-the-lost?utm_source=api,https://cards.scryfall.io/large/front/f/f/ff23b1c2-7b99-4504-8944-ada264725524.jpg,https://edhrec.com/cards/shepherd-of-the-lost,562,"Serra Angel; Baneslayer Angel; Lyra Dawnbringer; Angel of Condemnation; Gisela, the Broken Blade; Angel of Invention","Shepherd of the Lost; Giada, Font of Hope; Odric, Lunarch Marshal; Kaalia of the Vast; Aurelia, the Warleader; Kwende, Pride of Femeref; Lyra Dawnbringer; Kathril, Aspect Warper; Shilgengar, Sire of Famine; Liesa, Shroud of Dusk; Gisela, Blade of Goldnight; Avacyn, Angel of Hope; Sephara, Sky's Blade; Sigarda, Font of Blessings; Tariel, Reckoner of Souls; Akroma, Vision of Ixidor; Akroma, Angel of Wrath; Drana and Linvala; Brago, King Eternal; Kangee, Sky Warden; Liesa, Forgotten Archangel; Frog Butler; Chomping Changeling; Mechanized Ninja Cavalry; Wingnut, Bat on the Belfry",
306fec2c-d8b7-4f4b-8f58-10e3b9f3158f,Shrike Force,{2}{W},Creature — Bird Knight,1.0,3.0,3.0,uncommon,W,Double strike|Flying|Vigilance,3,Double strike|Flying|Vigilance,3,"Flying, double strike, vigilance",https://scryfall.com/card/blb/31/shrike-force?utm_source=api,https://cards.scryfall.io/large/front/3/0/306fec2c-d8b7-4f4b-8f58-10e3b9f3158f.jpg,https://edhrec.com/cards/shrike-force,22735,Aven Sunstriker; Skyhunter Skirmisher; Swiftblade Vindicator; Aerial Responder; Fencing Ace; Kor Blademaster,"Shrike Force; Kastral, the Windcrested; Choco, Seeker of Paradise",
09eb69b5-b8e2-48c6-8c27-cb0108df8dad,Spark Trooper,{1}{R}{R}{W},Creature — Elemental Soldier,6.0,1.0,4.0,rare,RW,Haste|Lifelink|Trample,3,Haste|Lifelink|Trample,3,"Trample, lifelink, haste
At the beginning of the end step, sacrifice this creature.",https://scryfall.com/card/gtc/199/spark-trooper?utm_source=api,https://cards.scryfall.io/large/front/0/9/09eb69b5-b8e2-48c6-8c27-cb0108df8dad.jpg,https://edhrec.com/cards/spark-trooper,2235,Ball Lightning; Lightning Skelemental; Groundbreaker; Blistering Firecat; Spark Elemental; Hellspark Elemental,"Spark Trooper; Bre of Clan Stoutarm; Ashling, the Limitless; Neriv, Heart of the Storm; Brion Stoutarm; Saskia the Unyielding; Rienne, Angel of Rebirth; Alena, Kessig Trapper // Ravos, Soultender; Squall, Gunblade Duelist; Aurelia, the Warleader; General Ferrous Rokiric; Horde of Notions; Lightning, Army of One; Jeska, Thrice Reborn // Ravos, Soultender; Iroas, God of Victory; Commander Mustard; Tajic, Blade of the Legion; Sonic the Hedgehog; Extus, Oriq Overlord; Bruse Tarl, Boorish Herder // Ravos, Soultender; Omnath, Locus of All; Twinflame Travelers; Sunderflock",
354456dc-81da-4cd1-b7b1-7ea1ce1bcc9f,Stonecoil Serpent,{X},Artifact Creature — Snake,0.0,0.0,0.0,rare,,Protection|Reach|Trample,3,Protection|Reach|Trample,3,"Reach, trample, protection from multicolored
This creature enters with X +1/+1 counters on it.",https://scryfall.com/card/cmm/976/stonecoil-serpent?utm_source=api,https://cards.scryfall.io/large/front/3/5/354456dc-81da-4cd1-b7b1-7ea1ce1bcc9f.jpg,https://edhrec.com/cards/stonecoil-serpent,82030,Endless One; Ugin's Conjurant; Chamber Sentry; Walking Ballista; Hangarback Walker; Cryptic Trilobite,"Stonecoil Serpent; Zaxara, the Exemplary; Magus Lucea Kane",
f94618ec-000c-4371-b925-05ff82bfe221,Swiftblade Vindicator,{R}{W},Creature — Human Soldier,1.0,1.0,2.0,rare,RW,Double strike|Trample|Vigilance,3,Double strike|Trample|Vigilance,3,"Double strike (This creature deals both first-strike and regular combat damage.)
Vigilance (Attacking doesn't cause this creature to tap.)
Trample (This creature can deal excess combat damage to the player or planeswalker it's attacking.)",https://scryfall.com/card/fdn/246/swiftblade-vindicator?utm_source=api,https://cards.scryfall.io/large/front/f/9/f94618ec-000c-4371-b925-05ff82bfe221.jpg,https://edhrec.com/cards/swiftblade-vindicator,15807,Boros Swiftblade; Fencing Ace; Kor Blademaster; Adorned Pouncer; Twinblade Geist; Viashino Slaughtermaster,Swiftblade Vindicator; General Ferrous Rokiric; Commander Mustard,
568dd5a6-86f4-4039-87d7-812120c8ab94,Triplicate Titan,{9},Artifact Creature — Golem,9.0,9.0,9.0,rare,,Flying|Trample|Vigilance,3,Flying|Trample|Vigilance,3,"Flying, vigilance, trample
When this creature dies, create a 3/3 colorless Golem artifact creature token with flying, a 3/3 colorless Golem artifact creature token with vigilance, and a 3/3 colorless Golem artifact creature token with trample.",https://scryfall.com/card/c21/79/triplicate-titan?utm_source=api,https://cards.scryfall.io/large/front/5/6/568dd5a6-86f4-4039-87d7-812120c8ab94.jpg,https://edhrec.com/cards/triplicate-titan,59932,Phyrexian Triniform; Wurmcoil Engine; Myr Battlesphere; Precursor Golem; Scuttling Doom Engine; Cityscape Leveler,"Triplicate Titan; Brenard, Ginger Sculptor; Indominus Rex, Alpha",
523d8fe6-1efd-4278-82fe-ea4517e6665c,Velomachus Lorehold,{5}{R}{W},Legendary Creature — Elder Dragon,5.0,5.0,7.0,mythic,RW,Flying|Haste|Vigilance,3,Flying|Haste|Vigilance,3,"Flying, vigilance, haste
Whenever Velomachus Lorehold attacks, look at the top seven cards of your library. You may cast an instant or sorcery spell with mana value less than or equal to Velomachus Lorehold's power from among them without paying its mana cost. Put the rest on the bottom of your library in a random order.",https://scryfall.com/card/tdc/309/velomachus-lorehold?utm_source=api,https://cards.scryfall.io/large/front/5/2/523d8fe6-1efd-4278-82fe-ea4517e6665c.jpg,https://edhrec.com/cards/velomachus-lorehold,11789,"Narset, Enlightened Master; Etali, Primal Storm; Dreadhorde Arcanist; Efreet Flamepainter; Jeleva, Nephalia's Scourge; Goblin Dark-Dwellers","Velomachus Lorehold; Lorehold, the Historian; Shiko and Narset, Unified; The Ur-Dragon; Firesong and Sunspeaker; Kaalia of the Vast; Kykar, Wind's Fury; Aisha of Sparks and Smoke; Niv-Mizzet Reborn; Quintorius, Loremaster; Feather, the Redeemed; Tiamat; Elsha, Threefold Master; General Ferrous Rokiric; Zurgo and Ojutai; Rith, Liberated Primeval; Morophon, the Boundless; Isshin, Two Heavens as One; Narset, Enlightened Exile; Codie, Vociferous Codex; Scion of the Ur-Dragon; Hexing Squelcher; Spinerock Tyrant; Goliath Daydreamer; Impulsivity",
